7197000003|395648
0000451965|312437
0000852218|154538
26-4599244|134968
13-6131491|118485
0000480228|111073
38-2750395|104548
0000504713|96004
76-0503625|89655
0000146672|86594
22-3039688|79730
0000617677|71104
0471809999|66095
75-2921540|65322
0000619877|63346
0002888798|59957
36-4327855|59868
26-0595342|59556
0000817824|57705
23-2769131|53725
7811300008|48157
7505400005|46594
43-1965151|45501
7257500009|44211
41-1795868|40340
01-0726495|37539
54-0259290|37326
0000233031|37223
75-2695327|34674
20-8921389|33898
20-8745846|33642
0000852320|32973
0000476810|31705
0000012311|29512
0542409990|28191
62-1532940|27864
2149009991|26196
75-3170028|26026
86-0860478|24622
68-0309242|23933
0000675332|23601
0004186591|23201
0000032489|22386
57-1175755|22190
7810600004|21995
33-0941669|21855
76-0236067|21834
7992700007|21387
0002712969|21308
0003303298|21001
7162800002|20985
37-1542226|20197
0000008663|19926
73-1577221|19139
0000656733|18915
0001189117|18605
33-0975529|18280
27-4023565|17910
80-0233937|17824
7056000000|17208
0000280110|16951
0002735146|16707
47-0912342|16702
02-0486480|16226
01-0464609|16006
54-1822116|15823
95-4866828|15756
26-0360466|15297
0000143662|15243
3827009995|15135
0000311845|14818
0000501105|14790
1635900004|14768
20-3702275|14762
0000339858|14591
91-1780488|14511
23-2470039|14498
54-1994393|14334
0000212465|14043
42-1554181|14030
86-0415227|13928
20-1832276|13107
0000032296|12956
74-2508160|12909
2317700005|12821
7527300003|12694
87-0623581|12630
0000497404|12613
05-0402708|12504
0000112837|12395
7635500004|12379
62-1859487|12362
26-0021318|12353
0000917742|12267
0004114567|12133
62-0997810|12109
0000915878|12063
6443809990|11960
39-2001010|11886
0000062514|11871
0000808176|11843
22-3554558|11676
84-1040263|11651
75-2838184|11612
0000012437|11182
41-1914032|11018
91-1374387|10995
0000023216|10896
20-5216358|10801
35-1616238|10639
0002590037|10569
0000722777|10568
0000606046|10552
22-3887207|10240
0000035095|10208
0000075633|10200
7516800003|10196
0000021440|10145
51-0517525|10043
32-0016270|9744
0000013303|9684
7442300004|9675
0000542649|9555
27-2389039|9521
1252000009|9446
20-8544905|9384
84-1594306|9354
37-1493496|9322
77-0605392|9279
86-0634557|9191
38-2699549|9176
74-3038404|9163
0000019581|9109
68-0151632|9109
0000379920|9107
0000804963|9059
54-2024584|9018
0000019222|8922
0000021122|8842
26-1773722|8800
43-1918759|8740
0000060269|8337
83-0310268|8170
0000023521|8142
27-1190043|8121
42-1739728|8117
48-1148159|8063
0000546571|7911
0000016450|7875
0000342634|7852
0000035014|7744
0000020504|7585
04-2992161|7523
30-0583815|7465
36-3987946|7463
0000004239|7336
7687600009|7287
0000697633|7263
0000491224|7254
41-2031753|7243
41-1941324|7229
0000527954|7228
0000023922|7211
27-0349391|7094
11-3412303|7064
46-3676810|7056
75-2857425|7011
34-2000096|6844
14-1770243|6824
95-3990375|6744
52-2091594|6742
0000708043|6723
0000019976|6697
0000013425|6675
36-4115595|6666
0000972590|6648
1746800001|6600
0000937898|6576
20-8083209|6470
26-0813134|6462
77-0158990|6456
33-0419992|6322
52-2102740|6297
38-2749215|6274
3027509990|6207
56-2237729|6196
0000008111|6191
0000276579|6172
0000694904|6147
26-0777326|6139
0000034953|6107
0002925666|6090
20-2928975|6008
62-1494087|5992
46-3435079|5972
0002489805|5880
0000208244|5861
20-0640473|5820
54-2070914|5765
62-1259997|5722
0000024694|5691
0000024692|5664
46-3689142|5649
0000008531|5591
01-0759540|5578
0000940311|5577
61-1306242|5511
0000025080|5497
59-3345547|5463
20-0378305|5428
0000703927|5424
0000177957|5391
7983500003|5385
83-0171636|5376
0000023279|5371
20-5973457|5361
7976700006|5359
1048900004|5357
0000288853|5341
34-1716542|5318
42-1720343|5242
0000659855|5204
20-2355296|5199
0003072606|5199
75-2725402|5195
3833009998|5191
0000030788|5171
20-2749403|5095
76-0561995|5061
45-5510883|5048
0000063194|5025
27-4370581|4950
26-2261031|4911
0000008120|4891
39-1767726|4872
0000723112|4842
7927200007|4769
0000663245|4754
26-3295749|4748
0000706051|4697
0000024671|4697
0000011065|4681
52-2337558|4675
0000024131|4651
0000067190|4650
0000636771|4641
46-2749358|4615
0003076248|4613
0000463735|4591
1611300007|4587
72-1441479|4581
0000002551|4570
41-1842999|4565
46-3528270|4542
86-1092244|4517
0000601050|4514
0000016889|4512
0000066751|4489
38-2434249|4451
20-2746596|4440
38-3564305|4439
0000066642|4398
48-1236121|4346
0000028178|4318
27-0222046|4307
84-0849361|4274
16-1686740|4261
0000613307|4253
26-0455770|4246
20-0192872|4235
04-2802284|4232
41-2259092|4197
0000664756|4180
84-1564935|4157
36-4176531|4147
0000012219|4042
0000706809|4027
20-8549934|4008
20-4866754|3990
77-0556943|3980
75-2269700|3980
73-1374559|3964
20-0353048|3914
26-2053389|3909
43-0710608|3894
0000004166|3852
7851800005|3852
42-1130287|3845
3804009998|3833
7929000008|3817
0000068490|3797
26-4030355|3786
04-3660901|3744
3028209994|3685
0000716456|3685
0001007846|3678
0003467828|3667
0000028316|3656
0000064418|3648
0000058243|3642
0000031469|3634
72-1505298|3627
0000068565|3622
0000027476|3615
0000700709|3600
0000004735|3583
0000007544|3577
77-0717225|3574
0000021717|3573
0000004365|3572
0000197478|3571
0000028489|3569
0000057777|3563
0000708186|3556
5222209998|3554
59-1515932|3534
0000001682|3534
16-1566654|3533
1100900005|3529
0000019629|3526
0000761806|3522
0000592448|3519
0003150447|3518
31-1076317|3506
0000700257|3506
0000013790|3498
0000800657|3492
0000001999|3483
84-0927358|3476
0000700670|3472
84-1496821|3453
0000009179|3434
54-1773964|3389
11-3073502|3378
75-2791828|3352
46-3537400|3345
0000656377|3339
0000068645|3328
26-0707492|3327
47-0873092|3308
0000068095|3300
0000015219|3297
0000068187|3293
35-2195549|3280
0000066492|3279
76-0578435|3272
0000068671|3260
63-1113916|3253
26-0084919|3246
83-0345906|3239
75-2674544|3238
35-1985128|3237
93-1248952|3230
0000456045|3215
0000024891|3202
3000809992|3198
46-2888046|3198
22-3157857|3189
88-0209429|3176
7280100005|3172
0000024382|3167
0000413208|3163
0000024362|3158
0000001367|3155
0000024224|3152
54-1822464|3143
0000029209|3111
0000057776|3109
7667200009|3099
0000706707|3097
61-1645461|3095
54-1872422|3086
14-1886719|3077
0000012854|3068
41-1726353|3063
0000068448|3027
26-3943038|3008
0000014650|3008
0000959395|2987
0000032773|2970
2140700008|2964
01-0940996|2959
20-2715422|2957
1768800000|2944
0000025103|2942
0000703536|2938
72-0484657|2933
26-1717830|2910
1222400008|2907
26-3874984|2905
0000066848|2898
0000667757|2885
0000878898|2880
0000510871|2871
0000062745|2850
0000057870|2848
41-2181683|2846
0002915461|2831
26-3780954|2822
1461700004|2808
0000066357|2798
0000005766|2796
61-1392032|2795
0000035570|2788
0000006694|2786
20-5238443|2783
0000020214|2778
58-2059073|2769
54-1870627|2764
58-2419109|2749
0000057033|2744
0000067664|2736
02-0793125|2735
81-3798202|2721
94-3169132|2721
63-1246790|2711
04-2876549|2704
22-2894356|2696
0000009963|2694
0003212149|2693
0000707635|2687
90-0790926|2680
76-0454396|2673
0000000803|2657
0000057614|2643
46-1728831|2641
0000712504|2632
0000066328|2631
0000007468|2629
7734800004|2607
13-4362989|2606
0000018297|2589
1461400001|2587
02-0594137|2580
11-3714032|2579
95-4671903|2571
0000016191|2570
7015500006|2567
1146500007|2567
0000014807|2562
7776600008|2559
06-1484285|2550
0000229801|2546
0000003238|2542
33-0397503|2534
0000024003|2527
22-3665409|2525
0000216922|2522
0000708028|2522
1821100000|2521
0000003025|2501
7568300002|2491
7275700004|2490
33-0750812|2487
0000062969|2483
0000060058|2479
34-1719615|2476
1519700008|2469
0000035385|2467
33-0962918|2466
0000024524|2465
0000068536|2398
0000682563|2392
57-1016947|2384
0000010634|2368
38-3358941|2367
0000057633|2367
0000010146|2350
0000024563|2339
0000001678|2317
0000704192|2315
31-1690008|2310
0000595869|2301
92-0164378|2300
0000266271|2298
85-0260899|2297
20-5439763|2285
11-3198028|2281
0000773247|2277
26-0362771|2262
0000004742|2258
0000019899|2256
43-1901144|2248
38-3365241|2235
0000014838|2227
46-4200240|2217
0000395238|2215
0000068601|2206
20-2409656|2205
0000004360|2202
0000030810|2202
0000014488|2202
0000010709|2183
56-1579850|2177
0000795968|2173
20-8006279|2161
20-8279218|2156
0000023049|2155
22-3470404|2139
20-4224234|2134
0000066834|2127
43-0889809|2122
20-2752826|2121
0000023627|2118
95-3821253|2116
52-2323186|2109
0000107244|2108
0000023287|2102
72-1545376|2094
0000000624|2087
0000066448|2078
0000024354|2076
20-2053401|2074
0000131650|2074
0000033440|2070
75-2945170|2070
0000024077|2070
35-2486440|2067
0000005633|2063
58-2200634|2063
0000509811|2062
90-0186134|2059
0000002311|2056
20-2718340|2048
2148900000|2048
0000066836|2046
0000003656|2042
81-5294275|2035
22-3626426|2029
27-0267182|2029
0202693054|2028
0931296762|2026
14-1841762|2015
75-1744262|2012
0000354310|2007
0000713964|2000
0000008879|1992
0000034607|1986
75-2511480|1985
84-1412422|1985
0000019263|1981
11-3290207|1979
0000032974|1975
0000008116|1972
0000018408|1971
22-3603829|1962
0000001354|1959
0000066731|1959
20-1091645|1953
13-4225190|1951
04-3212636|1950
26-1193089|1950
61-1355156|1949
7416700009|1948
0000005903|1920
0000003076|1912
54-1862878|1907
75-1794257|1905
2172609997|1903
0000033005|1902
26-1589507|1900
0000706432|1893
56-2471041|1890
0000064131|1888
0000022444|1856
0003395293|1854
68-0570826|1843
0000019850|1836
0000023880|1835
80-0743699|1834
0000009712|1834
45-5349650|1831
0000001467|1826
7705300001|1823
46-3986756|1816
52-2354562|1807
0000068598|1806
47-0933090|1797
0000068579|1796
0000068433|1794
41-1592297|1789
0000023621|1780
44-0607186|1765
95-4539084|1764
55-0873456|1763
75-2930700|1763
87-0682600|1760
41-1925607|1753
46-0972768|1751
0000068665|1740
20-8763489|1739
0000614313|1736
95-4762204|1734
0000066865|1727
0000024497|1726
0000006288|1723
58-2307082|1722
0000058181|1717
0000068600|1716
7674000006|1716
26-0402100|1710
0000018203|1701
0000061844|1697
0000017323|1696
0000707101|1695
22-2812732|1695
0000026647|1694
0000005033|1678
0000011734|1678
0000068259|1674
0000017429|1672
34-1633105|1670
0000169653|1670
0002652092|1661
0000058937|1651
0000014206|1635
0000062172|1633
20-4255880|1633
0000706081|1632
16-1222429|1620
1164400002|1619
0000060705|1613
26-2429669|1611
0003374412|1611
0000060042|1607
0000066584|1604
33-0231744|1600
0000061004|1600
0000090270|1597
06-1522806|1593
0000022946|1591
0000485559|1586
0000016980|1581
0002788496|1580
51-0488301|1579
0000365325|1575
46-5671661|1571
0000009260|1571
20-2408098|1568
0000702825|1566
65-1059543|1563
0000718037|1549
0000035214|1548
0000005797|1548
27-1365466|1545
0000023957|1543
0000813947|1539
7229000002|1538
0000060337|1533
0000024107|1532
16-1237621|1530
95-4523866|1524
26-4193875|1523
51-0370645|1523
06-1341084|1522
0000011124|1518
26-2597540|1513
0000060793|1510
0000024693|1503
0000003121|1500
0000063069|1499
0002895152|1497
0000068417|1496
47-5133238|1490
20-1193192|1490
01-0831459|1489
0000025143|1485
39-2051009|1481
0000980661|1479
77-0251790|1470
0000011307|1466
1517600004|1466
0000707938|1464
46-1342618|1464
65-0763054|1463
0000018181|1460
0000000196|1459
0000020258|1457
0000031286|1449
0000022311|1449
0004438357|1445
0000006158|1437
0000060060|1434
06-1297784|1434
0000062049|1431
0000061315|1431
46-2477192|1428
37-1572886|1427
0000066330|1423
0000022458|1422
36-4078960|1420
95-4623407|1419
0000595270|1419
0000012383|1419
0000064049|1417
0000013876|1409
0000005500|1408
38-3616059|1406
0000023850|1404
0000014384|1401
30-0142226|1396
26-4461592|1395
27-3863726|1395
0000032647|1394
38-3434023|1394
56-2007637|1389
0000015815|1388
0000004142|1386
0000000953|1384
0000934329|1382
0000024947|1380
1006400007|1380
0000023038|1376
52-2321476|1375
01-0681100|1371
27-2056826|1371
0000024326|1371
93-1231049|1371
13-3753941|1371
52-2075704|1369
0000067352|1367
0000001281|1361
0000876634|1360
0000032178|1355
0000068287|1353
0000067278|1343
0003635533|1342
58-2642920|1341
33-0175937|1341
0000034598|1339
0000000047|1337
0000016626|1335
27-0202259|1331
0000685676|1330
0000165628|1330
0000933975|1324
0000708039|1324
0001842065|1320
75-2888366|1318
20-2471369|1316
20-3492069|1315
33-0440315|1313
0000002658|1311
0000068607|1310
1099800006|1303
41-1718186|1299
0000001644|1296
77-0455415|1296
0000068366|1294
20-2470783|1294
20-5239910|1293
0000017393|1288
0000029546|1287
33-0534042|1283
0000068615|1281
0000991340|1278
0000000028|1277
0000015802|1275
0000702889|1271
0870691650|1270
0000005588|1268
0000945053|1267
0000068203|1260
86-0619371|1255
3453209991|1242
76-0678163|1241
0000068465|1239
43-1826060|1239
0000067955|1238
26-2593704|1238
0000212577|1233
0000001390|1229
0000026962|1228
0000062882|1227
52-2276553|1222
0000466857|1221
13-3654244|1221
0000015732|1220
27-0746986|1218
0000059049|1218
0000068613|1218
0000007840|1217
0000017308|1216
0000068248|1215
1910500003|1212
20-8693961|1210
0000011443|1204
0000066742|1202
0000015435|1202
0000324649|1192
83-0368862|1192
0000000253|1188
20-4514405|1184
0000013421|1184
52-1867436|1184
0000001022|1178
0000717079|1174
0000024063|1173
0000005854|1170
0000013879|1168
0000062848|1158
0000702454|1156
0000701437|1150
27-4588183|1150
4264709990|1149
0004210227|1149
0000025093|1144
0000068362|1143
04-3694338|1142
0000068659|1139
0000601416|1135
47-3632618|1135
0000020250|1133
26-3249727|1125
0003351440|1124
0002193616|1123
0000023623|1120
57-0761331|1113
0000139656|1113
0000068651|1112
45-4889921|1110
27-0019832|1110
0000090160|1110
7272800006|1109
0000708384|1106
33-0834150|1101
0000034980|1101
0000000159|1101
0000008136|1101
0000000051|1097
0000751656|1095
33-0508282|1092
0000005582|1089
36-3575871|1087
94-2229242|1087
0000068278|1086
0000014207|1085
0000703896|1084
0000012773|1083
95-4588714|1083
0000097069|1080
54-1094297|1079
0000002221|1078
0000003654|1076
0000005750|1074
0000024080|1074
0000001520|1074
0000068186|1073
0000066777|1071
0000005621|1069
0000030698|1069
1173900006|1069
20-1792214|1067
0000011971|1067
46-2738255|1065
0000006207|1064
0000019459|1063
0000068429|1062
39-1460253|1061
0000024708|1060
0000001884|1055
0000068670|1050
30-0809647|1049
95-4482547|1049
26-1234082|1047
47-0376012|1042
0000002782|1039
0000010248|1037
46-2297312|1026
26-4803398|1025
65-0782023|1025
0000021573|1019
0000035295|1019
0000019307|1019
0000068416|1018
0000068681|1017
0000506249|1016
47-0834560|1015
0000066841|1014
0000061755|1013
0000026967|1013
0000060380|1013
0000068663|1010
4725909994|1007
0000506922|1007
20-5913596|1003
83-0446200|1003
22-3747694|1001
0000061093|996
0461607493|990
0000001493|990
20-8802502|988
0000018208|984
0000063829|983
0000057377|980
0000004596|980
0000582953|980
0000001039|973
38-2799035|972
2439300004|972
0000002285|966
0000066343|962
0000002099|959
0000022468|959
20-4136310|958
1125900008|955
72-0593959|953
0000714544|953
0000006328|949
47-1853960|949
0000009155|947
0000067297|947
0000074140|945
0000012517|945
1227300009|943
0000024297|938
0000067619|935
0000000948|935
95-4234730|935
0000001040|934
13-3670961|931
0000025106|929
0000005263|928
54-1874129|927
0000001718|926
95-4248183|926
20-8190898|924
0000048374|924
0000936855|923
0000063004|922
75-2585326|922
5556209999|922
0000090250|922
0000861304|920
0000015359|920
0000022949|918
54-1969262|917
0000018199|917
84-1553724|917
0000003657|914
0000002068|912
0000066703|911
0000453446|909
0000964700|908
0000066752|905
0001187001|904
0000020818|903
0000342410|902
27-2070732|900
0000010045|899
0000018429|897
35-2180985|897
03-0365685|895
04-3243815|894
80-0312140|894
0000014740|892
26-0728895|892
0000060717|891
0000068631|891
0000539032|889
47-2469140|884
0000019628|883
27-4626537|883
05-0447801|882
3418909997|881
0000011406|880
0000026333|879
0000001027|877
0000027744|876
0000005581|876
0000007799|876
0000068574|876
27-3049738|873
0000017943|871
0000577128|871
45-5523107|870
7053700008|870
0000026467|869
0000018012|867
0000019506|866
26-2926983|864
87-0788512|859
41-1956286|858
30-0382471|857
0000702518|857
47-3490361|856
0000020369|855
0000009007|854
0000005561|854
0000013198|849
0000007397|849
0000015970|849
0000023041|846
0000063757|844
0000015310|844
0000024405|844
81-2566626|843
0000003413|841
0000068391|840
0000063283|839
3833709994|838
0000021943|838
0000000857|835
38-1358859|834
0001093317|834
51-0654034|833
0002353595|833
0000717868|833
0000018708|832
0000000258|831
0003913147|830
0000068510|828
1047300008|828
0000005400|827
0000066364|827
0000014158|823
33-0649866|822
45-3143795|821
0000023091|820
0000034888|818
0000001747|817
0003918898|817
0000398350|815
26-1146120|813
0000005737|811
0000012969|811
0000025053|807
0000002515|805
0000011112|805
43-0951349|804
0000012010|804
46-3525878|803
0000014843|803
1411700003|801
0000067928|800
0000029657|798
0000693224|797
0000021389|796
0000062715|796
31-1060110|795
0000090175|795
46-2981456|795
0000712609|794
88-0500878|792
20-8803449|792
0000035186|790
0000068375|786
0000066373|786
22-3048514|785
0000024887|785
0000408642|783
0000014251|783
0003412417|783
0000012946|783
84-1628152|783
0000000172|782
95-4830207|780
0000030464|780
63-1052225|778
20-5604550|778
0000014359|778
0000702818|777
0000013778|775
0000003130|775
0000852544|774
0000023901|772
0000090183|770
37-1361315|770
2126300006|770
0000018149|769
0000060137|769
26-2637667|760
0000061077|757
0000068660|757
1097500000|755
38-3305907|755
0000017012|754
84-1347792|754
04-3508773|752
0000027237|751
0000004975|749
0000596848|748
0000035456|746
0000022134|746
0000544652|745
0000068398|742
0000000566|742
0000066370|742
0000068085|742
0000068353|741
0000001941|741
0000001414|741
0000064552|740
0000016470|740
0000027614|740
0000060062|739
27-3627801|739
0000015429|739
0000068577|739
0000001261|737
0000068604|737
0000024410|735
0000060806|734
0000020161|733
0000062659|733
0000082794|727
0000299046|727
3444109999|726
0000090196|726
95-4535105|725
0000024688|724
0000027078|724
0000027244|723
0000058580|721
76-0573460|720
0000065788|719
0000000446|719
47-2137405|719
0000068219|719
33-0816610|719
0000003804|718
0000853952|717
0000024849|716
0000000644|716
03-0486044|716
0000057607|715
0219309999|714
0000033826|714
0000068315|714
0000035345|713
0000062562|713
0000062474|712
0000272272|710
0000004009|709
0000001617|708
0000060784|707
0000019772|706
0000007238|705
0000657459|704
0000000958|703
0000028670|703
35-2352369|702
0000004584|702
0000024360|701
20-3388468|701
0000012396|701
75-2821496|700
0000004284|700
0000014816|699
0000002540|699
0000374653|699
11-3468642|698
0000013392|697
27-1026893|697
0000708146|693
0000542528|692
0000014078|691
46-0530020|690
0000020078|690
0000066158|690
0000002232|690
0000010933|687
0000002725|686
0000017623|685
0000062728|684
0000063440|684
0000030056|683
1004900001|683
0000223322|683
04-3554784|683
38-3922561|682
0000030544|682
0000012761|680
20-0137049|680
0000765019|679
0000126553|679
0000067390|676
0000058088|674
75-2623852|674
0000020042|672
0000546544|671
0000008333|671
0000008235|670
0000057135|670
0000060497|670
0000024438|667
0000423458|667
0000067173|666
5183509992|666
1642200007|666
0000024560|666
0000007506|664
0000024877|663
0000700057|660
31-1484057|660
0000016574|657
0000004035|656
0000000324|656
27-2114578|656
0000702190|655
80-0801750|653
0000018763|653
0000002711|653
0000060143|651
0000884303|649
13-4127143|647
46-2835513|647
0000716833|647
0000003304|646
0000877369|644
0000015752|643
0000008785|643
0000028614|642
0000068061|642
04-4354554|641
0000006178|640
7107600005|640
27-0894121|639
0000007569|639
0003120646|637
0000978118|637
0000187947|636
0000012591|635
0000002315|635
0000008554|634
0000034363|633
0000564977|633
81-0615913|633
0000024349|632
0000027362|632
0000061522|632
36-3679626|631
0000010004|629
0000031445|628
0000002734|628
73-1432800|626
0000034618|626
0000062047|624
0000139843|623
0000058577|623
0000057993|623
0000058719|622
0000023903|622
0000034047|622
0000024854|621
31-1488064|620
20-1830388|619
0000011666|617
0000028262|616
0001387203|616
3840409990|616
58-2442998|616
0000339773|615
0002354985|615
0000061797|615
0000009064|614
0000060153|614
0000009632|614
0000022592|614
0000061503|613
39-1447979|613
46-2884509|613
26-2195788|612
52-2304304|611
0000034121|611
0000011444|611
0000066331|611
0000002760|610
7079100007|609
0000018238|609
0000033503|608
0000017870|608
0000009923|607
39-1856165|607
0000256553|607
0000063832|606
0000007699|605
0000060790|604
31-1640871|604
0000021292|603
0000008878|602
0000019531|602
0000062978|602
11-2975713|601
0000914648|601
0000653648|601
0000001427|599
0000068644|597
0000031084|596
01-0737466|595
0000067696|595
81-1250682|594
65-0924915|593
65-1038507|593
0000011729|593
0000068632|592
0000068457|591
20-2272566|590
0000066479|589
0000874845|587
0000026403|587
36-4569955|586
0000060484|585
0000029011|584
7140500002|584
0000060275|583
0003019982|581
0000062509|580
63-1005978|580
0000026799|579
0000034533|578
0000706568|578
0000001950|578
0000013126|577
0000024802|577
0000010754|577
47-3705377|576
0000068588|576
0000717974|576
0000016546|574
0000067389|573
0000703879|573
0000021265|572
0000004580|572
0000002036|571
0000013443|571
0000012072|570
26-1442480|570
34-1815339|569
0000435750|569
0003783948|569
0000000151|565
0000009408|563
0000008892|562
59-3225526|562
0000101671|561
0000057228|560
0000090213|559
7166300005|559
20-0304793|558
32-0306914|558
0000068421|557
0000703235|556
0000011573|556
0000024369|556
0000067605|556
0000024748|555
0000017611|552
0000000435|552
93-1301081|551
81-4312733|550
27-2105834|549
38-3799175|548
46-4770767|546
20-1875448|546
0000020666|545
0000833404|545
0000029012|545
0001445943|544
1052700008|543
20-0740151|543
0000018569|543
0000671464|542
0000702808|542
0000590220|542
0000713926|542
0000024312|541
0000017233|541
20-2485875|540
0000068560|540
52-1720545|540
22-3626334|540
0000000060|539
0000125471|538
0000015697|537
27-1438405|537
1961000006|537
0000063057|536
26-1117897|536
20-0142846|536
0000000734|536
0000061623|535
0000019953|535
0000001696|533
0000068322|533
0000026517|533
0000015292|532
25-1613078|532
0000090253|532
0000704167|532
0000717893|531
26-2851612|530
45-2481499|530
0000702130|529
54-2096352|529
43-1756500|528
0000022876|528
0000700450|528
46-0429381|527
0000068453|527
0000060087|527
27-1970388|527
0000009976|527
0000023622|527
0000008141|526
0000005969|524
0000022257|524
0364226027|523
26-0399209|522
0000068678|522
0000027408|522
0000030401|522
0000016160|521
20-5741925|521
16-1313078|521
0000011438|520
0000001976|519
0000005598|517
0000706164|517
95-4769926|517
0000097084|516
7049700008|516
20-4929859|516
0000014991|516
0000009788|515
0000115575|513
02-0640271|512
33-0633741|512
26-1242154|511
0000096069|510
46-3331326|510
0000090140|510
0000023992|510
0000005547|510
0000014565|510
0000061437|509
95-4462959|508
0000711025|508
0000854454|508
0000064778|508
0000846619|508
0000060103|507
0000068581|507
0000007361|507
0000068271|507
0000063268|507
0000030076|505
52-2084053|505
0000014371|504
0000033510|504
0000059070|504
0000027286|503
0000014240|503
0000058408|503
0000009343|502
0000008709|502
0000065282|501
75-1791492|501
0000005851|499
33-0594693|499
0000006775|497
91-1441009|497
91-1569077|496
0000058647|496
0000065644|495
0000016221|494
0000068583|494
0000005840|494
80-0860209|494
0000886624|493
0000017964|493
0000014382|492
0000090206|491
20-3708208|491
0002182786|491
76-0718556|491
22-3537421|490
0000714970|490
0000060978|490
0000058309|490
0000060216|490
0000004281|490
0000207872|490
0000024034|489
36-4489176|489
0000017374|489
0000068372|489
46-2886385|489
65-0738229|488
87-0481540|487
0000090215|486
0000014869|486
0000065728|486
0000015766|485
20-5113139|485
0000009366|484
0000019416|484
0000066157|483
0000021906|483
0000065291|481
0000009123|481
0000019943|481
0000004789|480
0000010619|480
0000010307|480
0000090290|480
0000067535|480
7325600006|480
0000504311|480
0000014140|480
0000590976|479
0000057451|479
7248700009|479
0000002449|479
0000064203|478
0000068458|477
0000024710|477
56-1750551|477
0000703912|475
0000008774|474
0000017743|473
0000000686|473
45-4156623|472
26-1796172|472
59-3378746|472
0000067248|472
1360809998|472
0000094522|471
77-0174529|471
0000024584|470
0000018195|469
0000005676|469
0000008698|469
11-3217224|468
59-3256287|468
0000480808|468
0000033845|467
27-0812934|467
0000802866|465
0000006635|465
0000027235|465
0000701158|464
0000058675|464
6451209990|464
0000427241|464
0000067269|464
0000062897|464
34-2027742|463
0000023681|463
0000028765|463
58-0521233|463
0000011868|462
0000150035|461
47-1922435|461
0000062568|460
0000017282|460
16-1779015|460
0000027394|459
0000001426|458
0000014369|458
0000003454|457
0000000340|457
47-3963992|457
0000012765|457
0000061708|456
0000701409|456
0000068239|456
0000001435|456
0000020184|456
0000064084|455
41-1981350|454
0000498317|454
0000033450|453
0000028599|453
0000700007|452
0000009889|451
0000010920|451
0000068413|450
86-0766296|450
27-3027124|450
0000030090|449
0000030117|449
0000007748|448
3030909998|448
0000028453|448
0000001117|447
0000728742|447
0000009327|446
0001097267|445
0000090211|445
0269330007|445
0000546003|445
0000012611|444
0000066538|442
0000463650|441
0000057071|440
0000005481|440
45-3508295|440
0000068476|440
0000009678|440
0000007514|439
0000068196|439
11-2961751|439
0000068657|439
0000718028|438
0000023293|438
0000016026|437
0000015738|437
0000000609|437
0000010956|437
0000003951|437
0000017914|437
0000015032|437
0000024831|436
0000024658|436
0000057997|436
0000027757|434
84-1674410|433
47-0847332|433
0000324340|432
88-0508228|432
0000011236|431
0000007848|431
0000060931|431
0000058629|430
0000062881|430
0000068656|430
0000022128|429
20-1399886|429
0000066327|429
0000016402|429
0000007000|428
0000000228|428
0000033758|428
0000062542|427
0000017749|427
0000236706|427
0000058596|427
0000065032|426
0000010600|426
0000028116|426
0000014168|426
47-5349678|425
0000717954|425
0000010066|425
0000020412|425
0000027599|424
0000014062|424
61-1388642|423
0000030439|423
7548100004|422
0000068428|422
0000005716|422
0000064896|421
0000064471|421
0000590248|421
0000013345|420
0000061447|420
0000013454|419
0000013622|419
0000009508|418
0000017043|418
0000062031|417
0000066998|417
0000011111|417
0000856748|417
0000034120|417
0000030470|416
0000447100|416
0000068437|415
0000016375|415
27-0993345|415
0000068485|415
0002771694|415
0000014109|414
0000012769|414
0000024604|414
0000816210|413
0000058727|413
0000000079|412
86-0716784|412
0000007472|412
22-2470496|412
0000008426|412
0000066884|411
02-0687335|411
0000028405|411
1765100005|411
0000012181|410
0000008149|410
0000001265|409
0000014347|409
0000058020|409
0000014578|409
0000062574|408
0000068251|408
26-0848316|408
0000022769|408
76-0644857|407
0000023620|407
0004185099|407
03-0488052|407
0000012855|406
0000121679|406
0000738303|405
0000061810|405
0000027552|405
0000060057|405
47-4523507|404
0000064271|404
2328500008|403
11-2637419|403
0000028151|403
0000058640|402
0000717968|402
0000016858|401
0000005754|401
45-4595995|401
22-3753355|401
11-3616531|400
46-3309415|400
0300217804|400
0000744238|399
0003415463|399
30-0889616|398
0000034606|398
0000019690|397
0000004968|397
0000014969|397
0000034102|397
0000020068|396
0000060721|396
0000062504|395
0000024254|394
0000002240|394
0000058210|394
0000009095|393
0000680457|393
0000060520|393
0000312244|391
0000013625|391
0000019608|391
0000058244|390
0000004738|390
0000002360|389
0000015302|388
0000063602|388
0000705339|388
0002736451|388
61-1763484|388
0000068394|387
0000003727|387
0000016617|387
0000326979|387
0000068223|386
0000014619|386
74-3050221|386
0000210434|385
84-1607068|384
0000010465|384
66-0427030|384
0000029523|384
0000058556|384
0000068558|384
0000061330|384
0000097103|384
0000705278|383
0000007598|383
0003532641|382
0000010023|382
0000017040|382
0000025116|382
0000030270|382
0000015091|382
0000015882|381
30-0376657|381
0000015565|381
0000008797|380
0000060936|380
0000022394|379
0000010534|379
47-0903141|379
0000018213|378
0000014633|378
0000007916|377
47-3619422|377
26-4558390|376
0000011807|376
0000012067|376
0000019795|376
0000024858|376
76-0629353|375
0000005073|375
0000030052|374
0000828651|373
0000064970|373
0000067836|373
0000024726|372
0000871769|372
0000033999|372
0000704859|372
0000014310|372
0000005123|372
66-0736233|372
0000027847|371
0000019755|371
0000017658|371
23-3102701|370
0000712423|370
0000000089|370
0000066638|370
0000706278|369
0000819855|369
0000058604|369
0000013716|368
0000029786|368
0000031100|368
0000016636|368
0000015684|367
0000015545|367
0000010255|367
0000010180|366
0000702631|366
0000011583|366
0000018198|366
0000010578|365
0000704559|365
46-1836968|365
0000066872|365
0000025088|365
7658800002|363
0000066597|363
81-2535190|363
0000024430|363
0000034837|362
0000013242|362
0000061552|361
0000017884|361
0000028211|361
0000034524|360
0000067290|359
0000000893|359
0000008745|359
0000015912|359
91-2006136|359
20-2684905|359
0000017842|359
0000969424|358
0000011316|358
0000034728|358
0000068359|357
0000062236|357
0000061716|356
0000000077|356
43-1779519|356
0000026955|356
76-0565087|356
0000060509|356
0000928618|356
0000017514|356
0000003387|356
66-0669989|355
0000024719|355
0000061823|355
0000027763|355
0000008486|354
95-4249171|353
0000012229|353
47-3566124|353
0000021699|352
0000704255|352
0000005694|352
0000716697|351
0000066835|351
68-0572881|351
0000024557|351
0000011544|351
0000699105|350
0000068430|350
0000028533|350
0000554857|350
0000186717|350
0000062160|350
0000090245|349
0000005029|349
0000068256|349
0000014564|349
0000019085|348
0000703767|348
0000701283|348
0000024553|348
20-8552989|348
7245000003|347
0000497039|347
0000002191|346
0000020698|346
0000006574|346
11-3019327|346
0000060522|345
0000031255|345
0000097085|345
0000029520|345
0000005415|345
0000014029|345
0000010536|344
0000007404|344
0000290052|344
72-0506617|344
0000715144|344
0002668598|343
0000703870|343
0000058255|342
0000034254|342
0000066983|342
0000033458|341
0000035541|341
0000010678|341
0000057919|341
0000001368|341
0000060438|340
52-2240353|340
0000013741|340
0000065856|340
0000033508|339
0000487357|339
0000004857|339
65-1078899|339
0000066595|338
0000014252|337
0000029839|337
0000705798|337
0000067668|336
0000024812|336
0000004620|335
0000715018|335
88-0505956|334
0000060056|334
0000067864|334
0001447639|333
0000001476|333
0000859002|333
0000066818|332
0000003124|332
0000000619|332
0000008904|331
0000013063|330
0000012082|330
06-0800610|330
0000024568|330
0000090235|329
0000060238|329
0623009990|329
1257809990|329
0000717997|328
0000702610|328
0000008660|328
0000910118|328
0000019401|328
0000060105|328
0000057162|327
0000064150|326
0000106359|326
0000058816|326
20-4459706|326
0000011670|326
0000009582|326
42-1586715|326
0000004048|325
0000066424|325
27-4541183|324
0000001060|324
0000065656|324
0000062141|323
0000009536|323
0000012203|323
20-0976388|323
41-2261870|323
0000015496|323
0000414102|323
0000061170|322
74-1110065|322
0000068241|322
0000011144|322
7608800001|322
0000096753|321
0000005648|321
0000061637|321
76-0762186|321
0000785473|321
47-3626298|320
45-2965086|320
20-5868249|320
0000057348|319
04-3128200|318
0000019304|318
0000830542|318
0000068672|318
0000058699|317
0000090297|317
0000018402|317
0000189129|317
66-0356747|317
0000022874|316
0000018484|316
0000058892|316
0000029782|316
0000066359|316
0000010174|315
0000009423|315
0000858528|315
0000013516|315
0000024685|314
0000000698|314
0000031461|314
0000009888|314
0000009803|314
0000014507|314
0000646453|314
0000017117|313
0000010378|312
0000057497|312
0000671147|312
0000068439|312
20-3450673|312
0000011952|312
0000013828|312
0000068046|311
0000024311|311
13-3442065|310
0000033806|310
0000001700|310
0000009607|309
0000005019|309
0000063799|309
0000010699|308
0000014334|308
0000005981|308
0000009988|307
0000701330|307
46-1565216|307
0000058013|307
0000030332|307
0000001253|307
0000022157|307
0000017484|307
0000020093|304
0000066365|304
0000010007|303
0000863746|303
0000015969|303
0000017960|303
0000707056|302
0000007266|302
0000001472|302
0000008667|302
0000016849|302
0000539377|302
0000018204|301
0003525577|301
0000009189|301
0000015714|300
0000006160|300
0000062736|300
0000061185|300
0000063932|299
0000703069|298
0000005629|298
0000024250|298
95-4575252|298
0000018266|298
0000068664|298
0000705902|297
0000001711|297
20-2553605|297
0000466754|297
20-1255434|297
0000014065|297
0000499453|296
0000702893|296
26-3958508|296
0000011554|296
0000003393|295
0000749635|295
0002736291|295
0000015605|294
0000026451|294
0000006665|294
0000006885|293
0000013055|293
0000010829|293
0000017115|293
0000013292|293
0000060801|293
0000066924|292
0000018509|292
0000012308|292
0000029056|292
0000018594|291
0000015401|291
45-2816712|291
0000018190|291
0000020179|291
0000703519|291
0000022559|291
0000068456|290
71-0697350|290
0000013944|290
38-2964508|290
0000015934|290
0000003601|289
0000011300|289
0000719656|289
0000705153|289
0000024534|289
0000722816|288
0000009244|288
0000000088|288
0000020856|288
0000035257|288
0000030039|287
0000701997|287
0000024829|287
0000266945|287
0000362717|287
0000015592|287
0000063300|287
0000015423|286
0000024181|286
0000026395|286
0000015932|286
0000005956|286
0000058889|286
0000028530|285
0000011772|285
0000068578|285
0000012166|284
0000064441|284
0000029847|284
0000065078|284
0000061159|284
0000000303|283
0003437166|283
26-0698083|283
0000020231|283
04-3568208|283
0000024353|283
0000068575|282
0000055130|282
0000018054|282
0000013264|282
7327200005|282
56-2148606|282
0000700041|282
0000017642|281
0000030637|281
45-4767165|281
0000001409|281
0000002535|281
0000016825|280
26-0591964|280
0000123646|280
0000063272|280
0000247140|280
0000009437|280
0000001717|280
0000703862|279
0000014447|279
0002219664|279
0000002759|279
81-4978092|278
0000027238|278
0000009737|278
0000012955|278
0000035117|278
0000015463|278
0000702502|278
0000005913|278
0000068646|278
0000702578|278
0000010363|278
0000008218|277
0000067927|277
0000001845|277
0000062076|276
0000007091|276
0000004745|276
0000068530|276
0000014762|276
0000006778|275
0000058095|275
0000019744|275
41-2277737|275
0000013897|274
0000717955|274
0000001154|274
0000700470|274
0000066430|274
0000000058|274
0000034978|274
26-4221599|273
0000021530|273
0000580155|273
0000024702|273
0000090181|273
0000718043|272
0000062426|272
0000026336|272
0000433943|272
0000001148|271
0000067841|271
0000008800|271
23-2711801|270
0000066824|270
0000061657|270
0000020041|270
0000060583|270
0000000622|270
46-2077362|270
0000013109|269
0000068840|269
0000068373|269
0000034325|269
0000982348|269
0000704755|268
0000004093|268
0000017120|268
0000465243|267
0000012828|267
0000016405|267
0000004187|267
0000068597|266
0000015977|266
0000035568|266
42-1295369|266
0000066710|266
0000022637|266
0000064342|265
0000016307|265
0000005431|264
0000066699|264
72-1333433|264
0000029009|264
46-4215283|264
0000063532|264
0000065861|264
0000012204|263
0000068443|263
0000017910|263
0000311050|263
0000005267|262
0000618740|262
0000025173|262
33-1131083|262
0000035406|262
32-0117926|262
0000009604|261
0000140018|261
66-0563608|261
54-0756781|261
38-3566754|261
0000009986|261
0000004945|261
0000067252|261
0000034803|260
0000027381|260
0000015953|260
0000019638|260
20-0013136|260
81-2156653|260
0000090291|259
0000067264|259
0000000902|259
0000001815|259
65-1211106|259
0000010646|258
0000028513|258
0000017741|258
0000026559|257
0000010168|257
0003041974|257
0000068667|257
0000027601|257
20-4515212|257
0000026605|256
0000005636|256
0000012627|256
0000008941|256
0000005907|256
0000024223|256
0000068595|255
0000024214|255
22-3932984|255
46-3061185|255
0000019448|255
51-0415301|254
47-2565675|254
47-5335121|254
0000005912|254
0000012898|254
0000003439|254
0000023090|254
0000007714|253
0000479839|253
0000026912|253
0000024292|253
0000007316|253
0000708190|253
0000708286|252
0000068594|252
0000031158|252
0000057540|252
0000014898|252
26-1598586|252
0000008428|252
80-0832417|252
0000702657|251
0000011578|251
0000024875|251
26-0532645|251
0000139553|251
0003812147|251
0000090251|251
0000011771|250
0000007814|250
0000018710|250
0000011459|250
0000016249|250
0000032084|249
0000028807|249
0000704171|249
0000027510|249
0000016757|249
0000012199|249
20-5041532|249
0000015809|248
0000062026|248
46-1770128|248
0000007910|248
0000027943|248
0000024861|248
0000067270|248
0000015046|248
0005112926|247
0000020353|247
0000064880|246
0000026634|246
0000034425|246
0000017162|246
0000786555|246
0000013023|246
0000019716|246
0000013347|245
0000005477|245
0000004265|245
0000003576|245
0000014492|245
0000067761|244
5460909991|244
0000021751|244
0000015820|244
26-4771220|244
7310100001|243
59-2472569|242
0000625654|242
66-0737374|242
0000703758|242
0003221468|242
0000007875|242
0000231149|242
0000734613|241
0000063133|241
0000008405|240
0000017764|240
26-2916887|240
0000066376|239
0000001705|238
0000029690|238
0000068374|238
0000090227|238
0000010848|238
65-0882429|238
0000068383|237
0000403151|237
0002793593|237
0000034146|237
0000024279|237
0000708059|237
0000009669|236
0000035426|236
0000196800|236
0000024798|235
0000062799|235
0000006662|235
0000068643|235
95-4657278|234
77-0329262|234
0000026455|234
0000019532|234
72-1591908|233
0000022931|233
0000009204|233
0000022308|232
0000002147|232
0000068053|232
0000701830|232
0000068459|232
0000059074|232
0000066585|232
0000066258|232
0000012874|232
0002239288|231
91-1842269|231
0000030431|231
0000708007|231
0000005216|230
0000722432|230
0000045826|230
0000058107|230
11-3647435|230
0000068460|230
0000034240|230
0000001331|230
0000019440|229
66-0696278|229
0000677644|229
0000000444|229
0026341647|229
0000022327|229
0000004076|228
0000010677|228
0000004015|228
0000068673|227
0000020448|227
0000012781|227
0000097068|227
0000016753|227
46-0492823|227
0000008021|227
0000019396|226
0000000160|226
0000018258|226
7673900008|226
22-2999585|226
0000090208|226
0000067681|226
0000017748|225
0000000445|225
0000061741|225
0000008576|224
0000063958|224
0000007723|224
0000717935|223
0000016652|223
0000066787|223
0000331713|222
0000034409|222
0000062710|222
0000015519|222
0000001195|221
0000018467|221
0000001513|221
0000068385|221
0000023806|221
0000015085|221
0000016892|220
0000011397|220
0000017123|220
0000008354|220
0000214722|219
0000068215|219
0000703866|219
0000024425|219
0000001047|219
0000057598|219
0000004137|219
0000704194|219
0000067465|219
0000031236|219
0000022015|218
0000033645|218
0000022883|218
0003253571|218
0000002477|218
0000001083|218
0000417626|218
0000008110|218
0000006743|218
0000853112|218
0000017068|217
0002360904|217
0000017672|217
0000017587|217
0000035465|217
58-1253290|216
0000011569|216
0000067875|216
0000067709|216
0000001655|216
0000090311|216
0000007590|215
0000753324|215
0000009759|215
0000005151|215
0000016689|215
27-0022323|215
0000014361|214
0000028396|214
0000899428|214
0000705957|214
0000010157|214
0000011836|214
0000057626|213
0000010973|213
0000008152|213
66-0690568|213
0000010643|213
0000060823|213
0000002476|213
0000015650|212
0000019980|212
0000020156|212
0000008693|212
95-4441070|212
0000014629|212
0000637451|212
0000018637|211
0003807826|211
0000060816|211
0000009665|211
0000001207|211
0000704246|211
0000014091|211
0000023773|211
0000068434|211
0000045551|211
0000030819|211
0000023546|210
0000001303|210
0000068038|210
0000015305|210
0000057463|210
0000058689|210
46-1954392|209
0000016032|209
95-4196389|209
0000002131|209
0000063789|209
0000021971|208
0000007064|208
0000068449|208
0000015990|208
0000029809|207
27-0411463|207
0000061790|206
0000005685|206
0000034977|206
34-1691741|206
87-0675992|206
0000990352|206
63-1254889|205
0000008796|205
0000012165|205
0000014479|205
0000011116|205
0000007614|205
0000010254|205
0000015562|205
0002434113|205
0000024327|204
0000060457|204
13-3432069|204
0000014974|204
0000695349|204
7909900008|204
0000703781|204
0000008798|204
0000011699|204
0000034241|204
0000003943|203
0000024219|203
31-1712553|203
0000030707|203
0000035165|203
0000090203|203
0002693264|203
0000013605|202
0000700641|202
0000068653|202
0000001199|202
0000013107|202
0000057124|202
0000000877|202
0000013216|201
0000009320|201
0000705740|201
20-8207683|201
04-3579800|201
0000027269|201
0000604024|200
0000014113|200
0000029829|200
0000813853|200
0000012936|200
0000009314|200
66-0476427|200
0000019358|199
0000004664|199
73-1506065|199
0000023827|199
0000035320|199
0000018200|199
0000016332|199
0000004208|199
0000274829|199
0000576952|198
0000475354|198
0000002357|198
0000068641|198
0000909055|198
0000024495|198
0000024543|198
0000003105|198
0000062217|198
0000014209|198
0000009208|198
0000005271|198
57-1100416|197
0000016840|197
0000010834|197
0000991621|197
0000026715|197
0000013479|197
0002826316|197
0000023152|197
0000010375|196
0000062641|196
0000027332|196
0000024552|196
0000020558|196
0000034384|196
0000013054|195
0000063250|195
37-1655726|195
0000011423|195
0000026484|195
0000590949|195
0000067541|195
0000068342|195
38-3498118|195
0000026601|195
0003357910|194
0000703043|194
0000623454|194
0000019681|194
0000005528|194
0000004160|194
0000011723|194
0000024673|193
05-0490825|193
0000004931|193
0000015966|193
0000010685|193
0000064759|193
0000000275|193
0000000109|193
0000701611|193
0000057542|193
0000027686|192
0000012968|192
0000057097|192
0001004470|192
0000008200|192
0000009319|192
0000068210|192
0000009859|191
0000066594|191
0000035020|191
45-2969502|191
0000000193|191
0000718063|190
0000011669|190
0000019525|190
0000024808|190
0000163370|190
0000645317|190
0000014328|190
0000184142|190
0000068606|190
0000011407|190
0000026555|190
0000060160|189
0000063196|189
0000015206|189
0000015830|189
0000004934|189
0000001402|189
0000006722|189
0000015482|189
0000718140|189
0000011739|189
0000021930|189
0000700311|189
0000065138|189
3733609993|188
0000017108|188
0000014863|188
0000024871|188
0000700133|188
0000000306|188
0000005850|187
0000009322|187
0000018584|187
0000020061|187
0000014757|187
45-3979890|187
43-1937428|187
0000736550|187
0000034566|187
0000702983|187
0000712117|187
7638200000|186
0000018022|186
0000952846|186
0000002742|186
0000016595|186
0000014769|186
0000009760|186
0000014568|185
0000006161|185
0000013025|185
7570000007|185
46-4124053|185
0003325759|185
0000017767|185
0000709143|185
0000223005|185
0000018059|184
46-1046733|184
0000022081|184
0000014028|184
0000057754|184
0000004705|184
0001479470|184
0000030119|184
0000000205|184
0000068415|184
0003536407|184
0000065088|184
0000017476|184
0000009463|184
0001014853|183
0000016076|183
0000026856|183
0000009037|183
0000007909|183
0000000661|182
0000028635|182
0000702349|182
0000003830|182
0000016803|182
0000034982|182
0000024491|181
0000068237|181
0000007688|181
46-1843436|181
0000022451|181
0000010608|181
0000029058|181
0002142155|181
0000957757|181
0000006375|181
0000068471|181
0000006275|181
0000009047|181
0000024202|181
0000058648|181
0000012977|180
0000067508|180
0000013290|180
0000024114|180
0000015698|180
0000010214|180
0000068505|180
0000012017|180
0000012079|180
0000013240|180
0000703997|180
0000058000|180
0000009160|179
0000065082|179
0000004860|179
0000018194|179
0000011299|179
0000068021|179
0000008056|178
0000028818|178
0000706503|178
0000068628|178
0000062155|178
47-4252448|178
0000017089|178
0000782306|177
0000065595|177
0000034742|177
0000035417|177
0000227151|177
0000016897|177
7169400005|177
0000886204|176
0000062872|176
0000666657|176
0000011001|176
0000058935|176
0000002744|176
0000000325|176
36-3935147|176
0000976226|175
0002785646|175
0000090259|175
0000010015|175
0000012869|175
0000528960|175
0000061186|175
0000003615|175
0000057874|175
0000032021|175
0000701149|175
0000001660|174
74-2884353|174
0000012616|174
0000004024|174
0000939070|174
0000933023|174
0000061598|174
0000012458|173
0000034332|173
0000010693|173
0000006058|173
0000066844|173
0000002359|173
0000009080|173
0000380458|172
0000004032|172
0000065597|172
0000068587|172
0000012299|172
0000015282|172
0000027824|172
0000005466|172
0000005380|172
0000033708|172
0000016389|171
0000013565|171
0000000294|171
47-0996983|171
0000020496|171
0000006681|170
0000000497|170
0000005852|170
0000705506|170
0000017001|169
0000068502|169
0000020600|169
0000015443|169
46-3595024|169
0000034397|169
0000024235|169
0000068444|169
0000057091|169
0000067012|169
13-3602661|169
11-3469077|169
0000010853|169
0000007613|169
0000010572|169
0000009071|169
0000025726|169
0000009529|169
91-1465333|168
0000007609|168
0000703920|168
0000703552|168
0000014333|168
0000022597|167
0000060968|167
0000011953|167
0000024567|167
0000068482|167
0000008526|167
27-1209306|167
77-0563974|167
0000002157|167
0000009631|166
0000185859|166
0000035022|166
0000061605|166
0000058048|166
0000004792|166
0000012164|166
0000397755|166
0000063545|165
0000096761|165
0000066353|165
0000704369|165
0000010100|165
84-1599785|165
0000019573|165
0000006053|165
0000058164|165
0000009791|165
0000718024|165
37-1273743|165
0000022286|164
0000019510|164
0000003956|164
0000014692|164
0000018361|164
0000024173|164
68-0184796|163
0000035543|163
0000026575|163
0000061525|163
0000006137|163
0000003907|163
0000063584|163
0000019212|163
25-1416138|163
0000009647|163
0000057554|163
0000004878|163
0000002441|162
0000540056|162
0000029800|162
0000450959|162
0000067262|162
0000005615|162
0000256058|162
0000031043|162
23-2983299|162
0000058651|161
0000004122|161
0000013112|161
0000019116|161
0000024573|161
0000030219|161
0000009486|161
0000005612|161
0000020623|161
0000027711|161
0000057888|160
0000057425|160
0000011623|160
0000027723|160
0000033753|160
0000014510|160
0000009106|160
0000017614|160
0001216826|160
0000002024|160
0000009517|160
0000067669|160
0000001536|159
0000016213|159
0000017736|159
0000877154|159
76-0735903|159
0000033119|159
0000004219|159
56-1447645|159
0000028788|159
0000003291|159
0000032532|158
0000002326|158
0000003711|158
0000269049|158
0000005768|158
0000007087|158
0000011431|158
0000006832|158
0000704241|158
0000017751|158
0000003869|158
0000066652|158
0000703019|158
0000009024|158
72-1377275|158
0000057621|158
0000368951|158
0000057810|158
0000010696|157
0000034052|157
0000551016|157
0000000491|157
0000062903|157
32-0029618|157
0000188720|157
1031600004|157
0000012729|157
0000097107|157
0000014720|157
0000033188|157
0000066675|156
0000006091|156
0000019001|156
0000010687|156
0000057813|156
0000018355|156
0000068423|156
0000009068|156
0000009023|156
0000027799|156
0001015560|156
0000032718|156
0000781028|155
0000024199|155
0000058745|155
0000014445|155
0000008854|155
0000003180|155
0000067347|155
0000035292|155
0000020861|155
0000192147|155
66-0228482|155
0000034058|155
0000003817|155
0000008811|155
0000011412|154
0000016175|154
0000004915|154
0000021658|154
0000035276|154
0000010118|154
0000034116|154
0000007608|154
0000016958|154
0000065421|154
27-0191461|153
0000034386|153
0000066760|153
0000067344|153
0000065378|153
0000024824|153
0003688623|153
0000012322|153
0000062322|153
0000704492|153
0000015703|152
0000005229|152
0000022346|152
0000097089|152
0000060255|152
0000703575|152
0000003972|152
0000068647|152
0000009589|152
0000010380|152
0000024490|151
0000703773|151
77-0575554|151
0000018566|151
0000014680|151
0000066437|151
0000456157|151
0000014914|151
0000063289|151
0000002740|151
0000065063|150
0000034311|150
0000068623|150
0000068441|150
0000061748|150
0000000402|150
0000057369|150
0000005885|150
0000068301|149
0000015011|149
0000005635|149
0000004994|149
0000006176|149
0000011520|149
0000030248|149
0000024136|149
61-1154657|149
0000014995|149
0000026530|149
0000034812|149
0000013431|148
0000010408|148
0000017128|148
0000009500|148
0000058316|148
0000062905|148
0000012484|148
0000034685|148
0000028841|148
0000016539|148
0000004619|147
0000009924|147
0000029121|147
0000008761|147
0000016410|147
52-1845409|147
0000002469|147
0000687951|147
0000025144|147
0000708183|146
0000066423|146
0000065299|146
0000004398|146
0000000361|146
0000021928|146
0000034936|146
0000061792|146
0000010406|146
47-3715280|146
0000028222|145
0000010494|145
0000008439|145
0000067625|145
0000068479|145
0000025137|145
0000017548|145
0000014176|145
0000023376|145
95-3363852|145
0000008816|145
0000035100|144
39-0808592|144
0000008128|144
0000017319|144
0000057511|144
0000009119|144
0000034401|144
0000025158|144
0000007461|144
0000026444|144
0000060728|144
0000700566|143
0000011539|143
0000009296|143
0000018229|143
20-0236095|143
0000023516|143
0000090146|143
0000023605|143
0000018100|143
0000057483|143
0000010354|143
0002954330|143
0000008345|143
0000027118|143
0000015242|143
0000029878|143
0000004980|142
0000005874|142
0000000039|142
0000713138|142
20-5479066|142
0000013190|142
0000057127|142
0000645465|142
27-3489257|142
0000028778|142
0046394233|142
0000007297|141
0000001808|141
0000014410|141
0000018716|141
0000005796|141
91-1395192|141
0000026725|141
0000057249|141
0000012697|141
0000000266|141
0000007346|141
0000257756|141
0000008035|141
0002685296|140
0000007123|140
0000027119|140
0000011432|140
0000019333|140
0002618780|140
0000001373|140
0000002467|140
0000013951|140
0000713480|140
0000654300|140
0000063098|140
0000024358|140
0000024949|140
0000005568|139
0000058105|139
0000160650|139
0000018519|139
0000011782|139
0000062340|139
0000005571|139
0000067494|139
0000016629|138
65-0447670|138
0000066734|138
0000018550|138
0000034076|138
0000016075|138
0000034934|138
0000528102|138
0000010473|137
0000012706|137
0000026760|137
38-2849685|137
0000067329|137
0000064171|137
0000707547|137
0000012236|137
0000068225|137
0000024649|137
0000019234|137
0000015307|136
22-2745048|136
0000285852|136
0000068048|136
0000012523|136
0000068447|136
43-1847878|136
0000014851|136
0000021525|136
0000017543|136
0000090268|135
0000016666|135
0000068629|135
0000026393|135
0000150727|135
0000028747|135
0000020568|135
0000019143|135
0000012163|134
0000017094|134
0000024165|134
0000001720|134
0000058228|134
0000724744|134
0000009229|134
0000704307|134
0000024465|134
0000790543|134
0000018394|134
0000713248|134
0000002643|133
0000015264|133
0000023797|133
0000015465|133
0000068540|133
0000028866|133
0000398837|133
0000060239|133
31-0985486|133
0000705313|133
0000012456|133
0000017443|133
0000004097|133
0000068494|133
0000058564|133
0000000808|132
0000058705|132
0000008234|132
0000783910|132
0000066851|132
0000067951|132
0000009997|132
0000068666|132
0000015572|132
0000015657|131
0000005425|131
0000001074|131
0001161029|131
0000062801|131
0000058483|131
0000068244|131
0000022020|131
0000067720|131
0000025140|131
0000068654|131
0000011694|131
0000000176|131
0000001787|131
0000009245|131
26-3524537|130
0000015593|130
0000935111|130
0000065513|130
0000021060|130
0000024026|130
0000011793|130
0000011151|130
45-5139677|130
0000001164|130
0000018171|130
0000068658|130
0000704347|130
0000067132|130
0002304636|129
0000009719|129
0000062347|129
0000015037|129
20-3878295|129
0000004042|129
0000153054|129
0000017563|129
0000061604|128
0000704846|128
0000005288|128
0000015632|128
0000016265|128
0000026511|128
0000658924|128
0000016101|128
0000014056|128
0000023523|128
0000007217|128
81-2244977|128
0000057026|128
0000057973|127
0000029875|127
0000700108|127
0000065503|127
0000057971|127
0000005673|127
0000068257|127
0000001376|127
0000024660|126
0000006922|126
0000058541|126
0000026411|126
0000030704|126
0000068576|126
0000710176|126
0000066529|126
0000067481|126
58-2440506|125
0000015799|125
0000008560|125
0000007586|125
0000015146|125
95-4399912|125
0000004235|125
0000000175|125
0000026922|125
0000702528|125
0001008674|125
0000029995|125
0000035123|125
0000018761|125
0000064482|125
0000002710|125
0000920854|124
0000014778|124
0000011507|124
0000001509|124
0000006032|124
0000061758|124
0000001464|124
0000021610|124
0000017598|124
0000017676|124
0000000352|124
3931809996|123
0000552059|123
0000015209|123
0000718109|123
0000000898|123
0000058074|123
0000012617|123
0000067017|123
0000061759|123
0000000389|123
0000711520|123
0000017057|123
0000068679|123
0000004118|122
0000004616|122
0000011286|122
0000035043|122
0000001733|122
0000024239|122
0000353238|122
0000703786|122
0000029981|122
0000022526|122
0000060428|122
33-0106473|122
0000010886|122
0000017906|122
0000068559|122
0000061090|122
0000008039|121
0000022114|121
7573700002|121
0000011310|121
0000701673|121
25-1567314|121
0000020394|121
14-1667104|121
0000017327|121
0000058631|121
0000005866|121
0000029281|121
0000028471|121
0000006212|121
0000061664|121
20-4273610|121
0000060466|120
33-0801082|120
0000012346|120
0000011466|120
0000065565|120
0000009734|120
0000005924|120
0000031905|120
0000058452|120
0000015323|120
1151100005|120
0000001911|120
0000000296|120
0000005892|119
0000001015|119
0000024516|119
86-0628165|119
0000003218|119
0000017937|119
0000002730|119
0000024780|119
63-0901920|119
0000001792|119
0000024540|118
0000060852|118
0000009915|118
0000023144|118
0000060913|118
0000060747|118
0000066992|118
0000016643|118
0000058249|118
0000058054|118
0000001296|118
0002787770|118
0000015817|117
0000012230|117
81-0611149|117
0000023771|117
0000011674|117
0000063805|117
0000013573|117
0000947776|117
11-3399725|117
0000030976|117
0000012190|117
0000005579|117
0000574079|117
0000064283|116
0000164331|116
0000013821|116
0003248849|116
0000003256|116
0000013946|116
0000066973|116
0000057069|116
0000007960|116
0000023603|116
0000011355|116
0000003440|116
0000011519|116
0000022520|116
0000024501|116
0000022280|116
0000018237|115
0000012267|115
0000012957|115
0000000046|115
0000028701|115
0000000887|115
0000058127|115
0000314444|115
0000058739|115
0000790534|115
0000008063|115
0000009643|115
0000058458|115
0000012514|115
0000000307|115
0000028790|114
0000014730|114
0000010434|114
0000022034|114
0000013677|114
0000508355|114
82-0953703|114
0000014821|114
0000008468|114
0000029535|114
0000009378|114
0000001104|114
0000060406|113
30-0835278|113
0000016039|113
66-0677190|113
0000001759|113
0000060279|113
0000807348|113
0000190451|113
0000005168|112
0000029941|112
0000058432|112
0000539340|112
0000011254|112
0000035005|112
7020900006|112
0000010476|112
0000010467|112
0000062755|112
0000007153|112
0000008295|112
0003607062|112
0000708089|112
0000678744|112
0000013121|112
0000067895|112
0000009373|112
0000067894|112
0000023092|112
0000007768|112
0000016400|112
0000034517|111
0000068452|111
0000707674|111
0000003722|111
41-2062039|111
0000009230|111
0000001936|111
0000025127|111
0000063828|110
0000012330|110
0000019106|110
26-0012825|110
0000033880|110
0000017828|110
0000002444|110
0000010011|110
0000747257|110
0000068683|110
0000671053|110
41-2232111|110
52-1075143|110
33-0650958|110
0000035365|109
0000615217|109
0000015699|109
0000064884|109
0000012425|109
0000007448|109
0000015072|109
0000068511|109
0000090308|109
0000839255|109
0000368522|109
0000005086|109
0000015379|109
0000058558|109
0000058615|109
75-2664846|108
0000003264|108
0000066886|108
0000017262|108
7230000003|108
0000024029|108
0000012805|108
0000024542|108
0000065491|108
0000060787|108
0000068298|108
0000013731|108
0000068432|108
0000017990|108
0000705138|107
0000014775|107
0000005815|107
54-1469169|107
0000061619|107
0000013305|107
0000009326|107
0000701904|107
0000021593|107
0000011312|107
0000060435|107
0000027968|107
0000020429|107
0000001654|107
0000007776|107
0000034074|107
0003419416|107
0000015673|107
0002119773|107
0000386852|107
0000013020|106
0000004164|106
0000061995|106
0000018616|106
0000869663|106
0000019687|106
0000012331|106
0000704656|106
0000063573|106
0000023004|106
0000058220|106
0000012361|106
0000013919|106
0000058874|106
23-2689725|106
0000030313|106
0000707794|106
76-0780998|106
0000017174|106
0000019447|105
0000213912|105
0000011306|105
0000057944|105
0000707703|105
0000022537|105
0000090191|105
0000007835|105
0000010860|104
0000060189|104
0000014184|104
1259900001|104
0000015161|104
0000060608|104
0000024632|104
0000024464|104
0000003962|104
0000024421|104
0000015104|104
0000015995|104
0000011608|104
0000061677|103
66-0699600|103
0000018389|103
0000014894|103
0000008491|103
0000060700|103
0000027955|103
0000024746|103
0000012406|103
0000014607|103
0000018175|103
0000012959|103
0000068573|103
0000068493|103
0000024753|102
0000057684|102
0000006417|102
0000947628|102
0003350658|102
0000686459|102
0000034944|102
0000058279|102
32-0293417|102
0000010958|102
0002580243|102
0000064332|102
0000009247|102
0000011448|102
0000973364|102
0000028068|102
0000024888|102
0000066374|101
0002847432|101
0000003738|101
0000067804|101
0000016968|101
0000062665|101
0000020007|101
0000013637|101
0000061387|101
0000705141|101
0000015417|101
0000009751|101
0000000174|101
0000031900|101
20-8157645|101
0000030903|101
0000004675|101
0000706254|101
0000015701|101
0000013596|101
0000005962|100
0000017841|100
0000022971|100
0000495419|100
0000016723|100
0000058390|100
0000276645|100
0000028157|100
0000067982|100
0000717528|100
0000009079|100
0000033147|100
0000014025|100
0000062918|100
0000021920|99
0000011886|99
0000002448|99
0000327855|99
0000016360|99
0000000267|99
0000057923|99
0000001398|99
0000009295|99
0000014679|99
0000002302|99
0000024378|99
0000062812|99
0000066733|99
0000022139|99
0000014744|99
0000019215|99
0000002847|99
0000009998|99
0002687133|99
0000002503|99
0000701950|99
0000068445|99
0000024470|99
0000026570|99
0000060543|99
0000014690|98
0000018418|98
0000005974|98
0000024456|98
0000017874|98
0000008936|98
0000011601|98
0000008762|98
0000700244|98
0000023498|98
0000011343|98
0000014352|98
0000024920|98
0000016810|97
0000008980|97
0000021716|97
0000008671|97
0000003945|97
0000005658|97
36-4771976|97
0000018592|97
0000015038|97
0000066449|97
0000026516|97
0000067837|97
0000006194|96
0000172457|96
0000008810|96
0000008546|96
0000030121|96
0000013682|96
0000023283|96
0000008232|96
0000010317|96
0000057504|96
0000143952|96
0000006667|96
0000068377|96
0000932745|96
0000028454|96
0000068608|96
0000004043|96
0000068317|96
0000066705|96
0000006112|95
0000013017|95
0000034108|95
0000009309|95
0000023020|95
0000015808|95
0000068442|95
0000006679|95
65-1318080|95
26-1334020|95
0000024731|95
0000016113|95
0000015566|94
0000001566|94
0000067892|94
0000010799|94
0000013772|94
0003816510|94
0000060059|94
0000016185|94
0000005275|94
0000010802|94
0000005628|94
0000643340|94
0000063597|94
0000068376|94
0000029430|94
0004384520|94
0000032737|93
0000063315|93
0000021161|93
0000001607|93
0000348159|93
0000015111|92
0000003841|92
0000000082|92
0000067576|92
0000066555|92
0000022636|92
0000014546|92
0000066840|92
0000034747|92
0000704354|92
0000068057|92
0000057072|92
0000516855|92
0000033405|92
46-5413170|92
0000000665|92
0000028515|92
0000012241|92
0000012985|91
0000006986|91
0000027496|91
0000024922|91
0000060666|91
0000004049|91
0000833749|91
0000006774|91
0000021074|91
0000016752|91
0000064110|91
0000006030|91
0000700904|91
20-3326484|91
0000057841|91
0000013867|91
0000013847|91
0000012679|91
0000708547|91
0000027742|90
0000008221|90
62-1627636|90
0000010111|90
0000013753|90
0000064166|90
0000014662|90
0000032745|90
0000001695|90
45-0455253|90
56-2187972|90
0000009475|90
0000009050|90
0003029589|90
0000002145|90
0000058445|90
0000004202|89
0000012113|89
0000225559|89
0000056557|89
0000066657|89
26-3375671|89
0000006103|89
0000026390|89
0000009620|89
0000012319|89
0000006248|89
0000006186|89
0000014562|89
0000027086|89
0000058509|89
0000012935|89
0000006187|89
0000028080|89
0000015467|88
0000000911|88
47-0833531|88
0000008572|88
0000067959|88
66-0651814|88
0000062937|88
0000008550|88
0000016804|88
0000061189|88
0000024229|88
0000002182|88
0000028836|88
66-0674421|88
0000026576|88
0000068475|88
0000018344|88
0000017993|87
0000057967|87
0000011232|87
0000058092|87
0000000013|87
20-8978372|87
0000010730|87
0000010181|87
0000016657|87
0000018480|87
0000013583|87
0000024904|86
0000021956|86
0000275509|86
0000024356|86
0000703874|86
0003660478|86
0000019541|86
13-3465439|86
0000016579|86
0000010523|86
0000013955|86
0000001786|86
0000703267|86
0000018707|86
0000060345|86
0000017690|86
0000006794|86
0000012661|86
0000013616|86
0000920210|86
0000007063|86
0000012808|86
0000000022|86
0000017348|86
0000024755|86
0000068137|86
0000018660|86
0000001608|85
0000014722|85
0000014566|85
0000022964|85
0000015136|85
0000008730|85
0000361279|85
0000027205|85
0000022618|85
25-1629231|85
0000058562|85
0000057898|85
0000062642|85
0000701452|85
0000008714|85
0000004731|85
0000020972|85
23-2438194|85
0000063716|85
0000009109|85
0000058694|85
0000011273|85
0000018783|84
0000034726|84
0000000876|84
0000067226|84
20-2029302|84
0000068084|84
0000008545|84
42-1730597|84
0000022221|84
0000057131|84
0000706191|84
0000035333|84
0000058724|84
0000012850|84
0000000359|84
0000026536|84
0000001735|84
0000058961|83
0000064168|83
0000033539|83
0000015543|83
0000031966|83
0000065398|83
0000008188|83
0000882242|83
74-3061159|83
0000703193|83
0000014532|83
0000003973|83
0000012947|83
0000015271|82
0000700544|82
26-0758174|82
0000015733|82
0000024482|82
0000016408|82
0000009807|82
0000916857|82
0000013113|82
0000702148|82
0000019228|82
0000035514|82
0000007783|82
0000001895|82
0000066349|82
59-2757098|82
0000010828|82
0000064275|82
0000667524|82
0000002440|82
0000704817|82
0000020741|82
0000006110|82
0000017809|82
0000011162|82
0000015671|82
0000068586|82
0000068638|82
0000030085|81
0000058208|81
0000009299|81
0000019515|81
0000010844|81
0000035412|81
0000017950|81
0000067984|81
0000022905|81
0000831576|81
0000014005|81
0000008899|81
0000703676|81
0000010169|81
82-0758546|81
37-1742346|80
0000062965|80
0000006487|80
0000034686|80
0000064920|80
0000004060|80
0000015614|80
0000017953|80
0000064886|80
0000002585|80
0000005867|80
0000003230|80
0000008700|80
66-0214784|80
0000705537|80
0000021927|80
0000060501|80
0000009721|80
0000020310|80
0000063116|79
0000016288|79
0000019853|79
0000012602|79
0000000929|79
0000002531|79
0000011225|79
0000701532|79
0000013801|79
0000011304|79
0000030428|79
0000006991|78
0000012716|78
0000016601|78
0000018430|78
0000101738|78
0000021507|78
0000012857|78
0000006233|78
0000017388|78
0000058716|78
0000023494|78
0000703313|78
68-0314095|78
0000066408|78
0000024826|78
0000704315|78
0000067993|78
0000005098|77
0000703691|77
0000015669|77
0000014315|77
0000067748|77
0000003458|77
0000024566|77
0000062847|77
0000005234|77
0000759045|77
0000068661|77
0000023202|77
0000014221|77
0000009388|77
0000021305|77
0000064606|77
0000016891|77
0000061256|77
0000012814|77
0000012084|77
0000014017|77
0000601733|77
0000011019|76
0000011582|76
0000068302|76
0000058245|76
0000004626|76
0000622756|76
0000016218|76
0000002290|76
0000017077|76
0000002644|76
0000061068|76
0000029771|75
0000067865|75
0000062066|75
0000005134|75
0000060799|75
0000010159|75
0000014135|75
0000067902|75
0000058511|75
0000006803|75
0000012513|75
0000068410|75
0000117672|75
0000008830|75
0000063189|75
0000007415|75
0000096658|74
0000008187|74
0000007631|74
0000011603|74
0000023926|74
0000017878|74
0000067238|74
0000013926|74
0000058712|74
0000000248|74
0000067176|74
0000021220|74
0000013478|74
0000057785|74
0000000854|74
0003058329|74
0000067972|74
0000008889|74
0000061184|74
0000018854|74
0000060847|74
0000703150|74
0000008140|73
0000000861|73
0000023852|73
0000058230|73
06-1728628|73
0000061231|73
0000015974|73
0000033470|73
0000014704|73
0002317672|73
0000015813|73
0000018698|73
0000063637|73
0000016453|73
0000029332|73
0003567269|73
0000062393|73
0000067428|73
0000000866|73
0000019540|73
0000062573|72
0000012285|72
0000617743|72
34-1324301|72
66-0705554|72
0000009300|72
0000064287|72
0000066388|72
0000024528|72
0000024443|72
0000000293|72
0000018143|72
0000016369|72
0000008975|72
0000034162|72
0000000428|72
0000027506|72
86-0599790|72
0000012158|72
25-1531922|72
0000000233|71
0000009094|71
0000017862|71
0000068324|71
0000068240|71
0000011103|71
0000034023|71
0000057095|71
0000021179|71
0000010825|71
0000002838|71
0000001726|71
0000026021|71
0000068599|70
35-1805251|70
0000702230|70
0000000879|70
0000058262|70
0000068214|70
0000015539|70
0000703587|70
0000011374|70
0000010132|70
0000058307|70
0000431172|70
0000067558|70
0000014982|70
0000010989|70
0000058490|70
0002577739|70
0000015606|70
0000001380|70
0000000054|70
0000004746|69
0000005419|69
0000008715|69
0000058374|69
0000816304|69
0000035513|69
0000000245|69
0000011833|69
0000058776|69
0000007870|69
0000015324|69
0000013022|69
0000017892|69
0000058152|69
0000016239|69
0000058591|69
0000014676|69
0000060885|69
0000034229|69
0000024264|69
0000062170|69
0000012095|68
0000028567|68
0000015384|68
0000777375|68
0000010165|68
0000068561|68
0000008831|68
0000613156|68
0002631172|68
0000024343|68
0000058186|68
0003138146|68
0000015164|68
0000024150|68
0000706343|68
0000006269|68
0000034233|68
0000008867|68
0000033794|68
0000703155|68
73-1488004|68
0000034138|68
0000008898|67
0000016473|67
0000000676|67
0000060683|67
0000095008|67
0000017398|67
0000061908|67
0000057092|67
0000473266|67
0000097106|67
0000020100|67
0000012885|67
0000057411|67
0000008585|67
0000034973|67
0000005495|66
0000702828|66
0000066270|66
0000014120|66
0000062776|66
0000016248|66
0000004241|66
0000033137|66
0000440110|66
0000058239|66
0000058057|66
0000057620|66
0000006910|66
0000065412|66
0000022141|66
0000013202|66
0000022040|66
0000009810|66
0000024185|66
0000001768|65
0000009099|65
0000058608|65
0000010911|65
0000701305|65
0000017232|65
0000011879|65
0000064231|65
0000704804|65
0000017214|65
0000001730|65
0000024640|65
0003303917|65
0000010163|65
0000068563|65
0000005484|65
0000012334|65
0000005469|65
0000007393|65
0000002769|65
0000067222|65
0000012543|64
0000020776|64
0000027556|64
0002298995|64
0002942690|64
36-3920095|64
0000068172|64
0000000967|64
0000012512|64
9406900007|64
0000068395|64
0000061634|64
0000763556|64
0000017933|64
0000061404|64
0000022601|64
0000068474|64
0000010505|64
0000067187|64
0000013675|64
0000011788|63
0000032293|63
0000006128|63
0000000199|63
0000000041|63
0000491251|63
0000011170|63
0000011492|63
0000025752|63
0000008757|63
0000024299|63
20-1631806|63
0000011526|63
0000723822|63
0000708164|63
0000057368|63
0000277053|63
0000018283|63
0000018514|63
0000063541|63
0000057954|63
0000010789|63
0000010684|62
0000067658|62
0000060485|62
0000028729|62
0000025267|62
0000030128|62
0000008752|62
0000015580|62
0000005753|62
38-3024363|62
0000028348|62
0000068571|62
0000000135|62
0003616309|62
0000006680|62
0000029764|62
0000700827|62
0000067644|62
0000012739|62
0000012386|62
0000013843|62
33-0932995|62
0000067642|62
0000012443|62
0000008029|62
0000007592|62
0000705636|61
0000002918|61
0000062983|61
0000672573|61
0000517441|61
0000062323|61
0000061160|61
0000019645|61
0000067214|61
0000022426|61
0000000210|61
0000013690|61
0000013941|61
0000002187|61
0000004240|61
0002938198|61
0000010980|61
0000714810|61
0000092834|61
0000008283|61
0000010939|61
0002562164|61
0000067611|61
20-1129884|61
0000033761|60
0000058257|60
0000060383|60
0000035138|60
0000003360|60
0000096750|60
0000000148|60
0000066707|60
0000015608|60
0000062352|60
0000031381|60
0000060947|60
0000008067|60
0000001438|60
0003385744|60
0000022551|60
0000017979|60
0000013006|60
0000067470|60
0003022610|60
0000030103|60
0000014066|60
0003614976|60
0000016500|60
0000058040|60
0000238139|59
0002963547|59
0000009935|59
0000009259|59
0000016325|59
0000067725|59
0000000150|59
0000063639|59
0000024373|59
0000057892|59
0000035258|59
0000002709|59
0000064706|59
0000061089|59
0000034038|59
0000064598|59
0000003306|59
0000001439|59
0000700773|59
0000005674|59
0000021714|59
0000058261|59
0000058697|58
0000001866|58
0000001418|58
0000058348|58
3031309999|58
0000006707|58
0000011067|58
0000315357|58
0000033978|58
0000595430|58
0000000770|58
0000006870|58
0000016243|58
0000029471|58
0000067000|58
0000700528|58
0000013972|58
0000016222|58
0000008694|58
0000030688|58
0000000240|58
0000025795|58
0000012471|58
0000062756|58
0000017389|57
0000057880|57
0000017524|57
0000018574|57
0000017145|57
0000014911|57
0000015300|57
0002785477|57
0000068668|57
0000013601|57
0000017369|57
0000001982|57
0000000794|57
0000008500|57
0000012152|57
0000010184|57
0000662350|57
0000015483|57
0000017685|57
0000015734|57
0000007573|57
0000006627|57
0000018303|57
0000010420|57
0000058311|56
0000014749|56
0000007899|56
0000067195|56
0000001584|56
0000001115|56
0000006853|56
22-3798625|56
0000062243|56
0000002777|56
0000067921|56
0000021227|56
0000003061|56
0000015050|56
0000018558|56
0000007524|56
0000018889|56
0000068639|56
0000844567|56
0000008058|56
7099000002|56
0000009794|56
0000013116|56
0000013102|56
0000062484|56
0000062537|56
0000006813|56
0000062027|55
0000007418|55
0000706351|55
0000001780|55
0000028555|55
03-0286025|55
0000068138|55
0000012717|55
0002339795|55
0000005257|55
0000024445|55
0000030099|55
0000010879|55
0000057569|55
0000001961|55
0000060605|55
0003277241|55
0000004400|55
0000068682|55
0000016111|55
0000024313|55
0000028362|55
0000014694|55
0000004636|55
0000010283|55
0000062008|54
0000000606|54
0000029745|54
0000008202|54
0000016487|54
0000012549|54
0000010223|54
0000028677|54
0000517357|54
0000064408|54
0000015610|54
0000062417|54
0000034778|54
0000062677|54
0000700416|54
0000013579|54
0000274164|54
0000032779|54
0000006164|54
0000032348|54
0000024823|54
0000000529|54
0000002881|54
0000000903|54
0000746429|54
0000004107|54
0000061918|54
0000026340|53
0000068669|53
0000004701|53
0000706509|53
0000060686|53
0000068349|53
0000014255|53
0000057978|53
0000058481|53
0000000926|53
0000008680|53
0000001756|53
0000062590|53
0000024758|53
0000016438|53
0000058619|53
0000035530|53
0000019800|53
0000708152|53
0000018626|53
0000018800|53
0000275479|53
0000010532|53
0000009658|53
0000017478|53
0000002247|53
0000010688|53
62-1501904|53
0000000197|53
0000024414|53
80-0860660|52
0000033202|52
0000061633|52
0000704434|52
0000017362|52
0000015143|52
0000058377|52
0000057903|52
0000717986|52
0000026590|52
0000034711|52
0000126049|52
0000003060|52
0000016119|52
0000058372|52
0000000226|52
0000015228|52
0000017127|52
0000008725|52
0000066149|52
0000018227|52
0000030447|52
0000015257|51
0000022447|51
0000012493|51
0000097104|51
0000011452|51
0000016593|51
0000005886|51
0000005203|51
0000017926|51
0000772008|51
0000063923|51
0000027211|51
0000015586|51
0000035441|51
0000016125|51
0000001133|51
0000164975|51
0000010866|51
0000009420|51
0000005741|51
0000060215|51
0000066337|51
0000014560|51
0000028908|51
0000012810|51
0000064070|51
0000001870|51
0000024698|51
0000068274|50
0000028963|50
0000021041|50
0000034222|50
0000022351|50
0000068517|50
0000057631|50
0000001404|50
0000012956|50
0000034930|50
0000014163|50
0000060934|50
0000059051|50
0000035497|50
0000015792|50
0000011916|50
0000022307|50
0000883959|50
0000067532|50
0000011905|50
0000020157|50
0002371508|50
0000061639|50
0000067778|50
0000067021|49
0000013157|49
0000030367|49
0002044811|49
0000068284|49
46-1389922|49
0000715223|49
0000701567|49
0000005095|49
0000057644|49
0000058479|49
0000017863|49
0000708069|49
0000009330|49
0000012135|49
0000062072|49
0000010734|49
0000035236|49
0000717927|49
0000009462|49
0000001352|49
0000003850|49
0000022657|48
94-3159818|48
0000022739|48
0000015478|48
0000024466|48
0000067178|48
0000015414|48
0000012384|48
0000008270|48
0000009348|48
0000035111|48
0000247551|48
0000058780|48
0000003140|48
0000000327|48
0000012515|48
0003938186|48
0000062169|48
0000057491|48
0000010595|48
0000007576|48
0000015804|48
0000068296|48
0000063122|48
0000058069|48
0000068687|48
0000285151|48
0000011789|47
0000010194|47
0000006800|47
0000032287|47
0000062123|47
0000017694|47
0000006095|47
0000033010|47
0000011003|47
22-3617992|47
0000008290|47
0000026727|47
0000058464|47
0000034488|47
0000023966|47
0000000373|47
0000030260|47
0000662659|47
0000095659|47
0000017470|47
0000017320|47
0000021952|47
0000057275|47
0000097093|47
0000005873|47
0000705224|47
0000068567|47
0000988452|47
0000865450|47
0000058691|47
0000062716|47
0000061157|47
0000041245|47
0000018223|47
0000016659|47
0000006685|47
0000001833|46
0000016417|46
0000728452|46
0000005549|46
0000000178|46
7187200007|46
0000060646|46
0000023296|46
0000881544|46
66-0219584|46
0000019381|46
0000027567|46
0000003818|46
88-0149170|46
0000008510|46
27-3095238|46
0000013037|46
0000011347|46
20-4949947|46
0000002384|46
0000010706|46
0000017107|46
36-4548399|46
0000223751|46
0000068227|45
0000000884|45
0000005749|45
0000012013|45
0000026358|45
0000034603|45
0000708333|45
0000014604|45
0000008606|45
0000018528|45
0000004246|45
0000176101|45
0000025094|45
30-0051894|45
0000031555|45
24-0831867|45
0000029901|45
0000633640|45
0000058584|45
0000020415|45
0000001143|44
0000016114|44
0000021050|44
0000001609|44
0000026653|44
0000014688|44
0000003757|44
0000027280|44
0000024833|44
0000010576|44
0000067452|44
0000016817|44
0000016283|44
0000004238|44
0000030846|44
0000002874|44
0000011750|44
0000011962|44
0000018384|44
0000005286|44
0000061936|44
0000017410|44
0000060470|44
0000041629|44
0000068304|44
0000065150|44
0000058005|44
0000068564|44
0000017017|44
0000059093|43
0000023616|43
0000028593|43
0000705489|43
0000061879|43
0000023226|43
13-5581829|43
0000012594|43
0000025679|43
0000019813|43
0000066706|43
0000002289|43
0000011446|43
0000024508|43
0000028463|43
0000013035|43
0000909541|43
0000004061|43
0000023257|43
0000024092|43
0000058722|43
0000371362|43
0000014642|43
33-0828099|43
0000442806|43
0000571443|43
0000015427|43
0000009499|43
0000013080|43
0000015000|43
0000011634|42
0000061088|42
0000019195|42
0000026512|42
0000028793|42
0000005387|42
0000034468|42
0000011706|42
0000058274|42
0000020516|42
0000010623|42
0000018609|42
0000058670|42
0000020943|42
0000904845|42
0000024629|42
0000009289|42
0000016201|42
0000010464|42
0000005602|42
0000066854|42
0000021630|42
0000017335|42
0000064199|42
0000001658|42
0000022997|42
0000065003|42
0000012699|41
0000015247|41
0000068450|41
0000064361|41
0000034010|41
0000058502|41
0000010122|41
0000010807|41
0000034969|41
0000398051|41
0000023017|41
0000009293|41
0000653433|41
0000006921|41
0000000785|41
0000011903|41
0000018242|41
0000064029|41
0000017927|41
0000002041|41
0000014462|41
0000022553|41
0000066154|41
0000032838|41
0000068596|41
0000222754|41
0000701736|41
0000005890|41
0000030072|40
0000002242|40
0000009036|40
0000018063|40
0000723653|40
0000000234|40
0000066819|40
0002333298|40
0000013600|40
0000010741|40
0000001245|40
0000024713|40
0000000404|40
0000060942|40
0000024703|40
0000013476|40
0000012143|40
0000065464|40
0000012630|40
0000010898|40
0000016177|40
0000034585|40
0000015249|40
27-2230064|40
0000005842|40
0000262358|39
0000013934|39
0000004480|39
0000000964|39
0000004796|39
0000010672|39
0000058114|39
0000060712|39
0000012033|39
0000000242|39
0000035067|39
0002716828|39
0000058289|39
0000000310|39
0000379470|39
0000009879|39
0000028663|39
0000063020|39
0000007151|38
0000057382|38
0000160360|38
0000007552|38
0000007101|38
0000012438|38
0002939391|38
0000010257|38
0000018019|38
0000068369|38
0000007652|38
75-3103689|38
0000152057|38
0000016667|38
0000068402|38
0000016863|38
0000091005|38
91-2094220|38
0000017000|38
0000030864|38
0000008532|38
0000566243|38
0000066142|38
0000014649|38
0000034683|38
0000024797|38
0000015185|38
0000018983|38
0000015405|38
0000007115|38
0000015089|37
0000062245|37
0000016748|37
0000061800|37
0000061455|37
0000000006|37
0000010588|37
0000058581|37
0000014351|37
0000011891|37
0000022838|37
0000015748|37
0000067181|37
0000010121|37
0000026588|37
0000015229|37
0000011935|37
0000619327|37
0000003533|37
0000090141|36
0000068205|36
0000777366|36
26-0423240|36
0000705801|36
0000032286|36
0000011011|36
0000002574|36
0000012506|36
0000428547|36
0000309150|36
0000058641|36
0000019101|36
0000007345|36
35-1714970|36
0000701735|36
0000003633|36
0000058121|36
0000058728|35
0000014388|35
0000019269|35
0000001882|35
0000014993|35
0000000528|35
0000029548|35
0000019678|35
0000058508|35
0000034253|35
0000066346|35
0000024814|35
0000024715|35
0000064515|35
0000013458|35
0000008905|35
0000058376|35
0000060041|35
0000014617|35
0000066788|35
0000001213|35
0000022358|35
0000011798|35
0000011415|35
0000094858|35
0000002037|35
0000058574|35
0000112819|35
0000005394|35
0000020624|35
0000024716|35
0000020661|35
0000017100|35
0000001843|35
0000025149|35
0000067521|35
0000028191|35
0000035229|35
0000024372|35
0000057141|34
0000022331|34
0000016941|34
0000700358|34
0003627109|34
0000011462|34
0000002073|34
0000008534|34
0000026556|34
0000011821|34
0000748665|34
0000060346|34
0000019200|34
0000003853|34
0000018765|34
0000061405|34
0003027763|34
0000014922|34
0000065578|34
0000005422|34
0000068539|34
0000018301|34
0000014260|34
0000063342|34
0000068297|34
0000063648|34
0000008896|34
0000700529|33
0000011409|33
0000058932|33
0000024187|33
0000025651|33
0002836306|33
0000941541|33
0000016012|33
0000009639|33
0000018090|33
0000001364|33
0000068616|33
0000008143|33
0000000395|33
0000009292|33
0000012643|33
0000058263|33
0000027560|33
0000011329|33
0000001701|33
0000022065|33
0000068498|33
94-2479776|33
0000014545|33
0000018162|33
0000057514|33
0000057522|33
0000058165|33
0000016479|33
0000003541|33
0000013652|33
0000014912|33
0000008676|33
0000009822|33
0000064380|33
0000058484|33
27-2560497|32
0000015765|32
0000022545|32
0000067746|32
0000018165|32
0000030022|32
0000068686|32
0000000464|32
0000017169|32
0000019589|32
0000019730|32
0000707506|32
0000008230|32
0000000690|32
0000028708|32
0000706359|32
0000010330|32
0000021686|32
0000060113|32
0000060928|32
0000057966|32
0000068266|32
0000009757|32
0000015358|32
0000013030|31
0000012044|31
0000067890|31
0000027760|31
0000008658|31
0000024839|31
0000060079|31
0000057922|31
0000068662|31
0000012303|31
0000708386|31
0000023030|31
0000001693|31
0000003412|31
0000009659|31
0000015576|31
0000825940|31
0000068409|31
0000063375|31
0000035029|31
0000062422|31
0000012893|31
0000701993|31
0000061219|31
0000090147|31
0000010125|31
0000015851|31
0000024268|31
0000058828|31
0000014542|31
0000013232|31
0000023834|30
0000058548|30
0000000477|30
0000021694|30
0000010628|30
0000067592|30
0000057113|30
0000060024|30
0000175609|30
0000000320|30
0000068655|30
0003843392|30
0000013000|30
0000057336|30
0000068676|30
0000058206|30
0000030154|30
0000004526|30
0000024637|30
0000008083|30
7258600006|30
0000004794|30
66-0220429|30
0000060735|30
0000000005|30
0000021455|30
0000030011|30
0000289757|30
0000009811|30
0000018958|30
0000004752|29
0000008122|29
0000016820|29
0000023730|29
0000010993|29
0000060930|29
0000061698|29
0000024774|29
0000064144|29
0000057055|29
39-0989781|29
0000022217|29
0000013439|29
0000058106|29
0000024749|29
66-0313273|29
0000001622|29
0000067068|29
0000001794|29
0000060051|29
0000024171|28
0000003293|28
0000034445|28
0000009973|28
0000012258|28
0000010374|28
0000022185|28
0000067666|28
0000013492|28
0000001127|28
0000057358|28
0000013078|28
0000008210|28
0000065059|28
0000005727|28
0000063606|28
0000067970|28
0003591282|28
0000023574|28
0000002300|28
0000004884|28
0000002508|28
0000324854|27
0000009164|27
0000058410|27
0000001612|27
0000024156|27
0000068293|27
0000013835|27
0000018273|27
0000057587|27
0000058457|27
0000001071|27
82-1456336|27
0000010680|27
0003664588|27
0000022282|27
0000024015|27
0000057994|27
0000067911|27
0000011944|27
0000024342|27
0000024404|27
0000067554|27
0000062005|27
0000058142|27
0000002812|27
0000066324|27
0000019700|27
0000011667|27
0000005396|27
0000060533|27
0000005847|27
0000017588|27
0000032393|27
0000007244|27
0000973056|27
0000034899|26
0000000490|26
0000021978|26
0000068542|26
0000060500|26
0000715682|26
0000058560|26
0000014268|26
0000014754|26
0000067599|26
0000008537|26
0000024232|26
0000067153|26
0000956376|26
0001864197|26
0000015480|26
0000009777|26
0000035524|26
0000067741|26
0000008871|26
0000005465|26
0000015651|26
0000000649|26
0000004684|26
0000064531|25
0000057453|25
0000024110|25
0000068507|25
0000014327|25
0000060377|25
0000000489|25
0000035139|25
0000010164|25
0000068503|25
0000024646|25
0001972298|25
0000029147|25
0000700143|25
0000701412|25
0000023329|25
0000058175|25
0000087047|25
0000010196|25
0000000256|25
0000060419|25
0000034289|25
0000707228|25
0000371232|25
0000024523|25
0000006062|25
31-1772076|24
0000014723|24
0000013898|24
0000064893|24
0000066593|24
0000058231|24
0000026798|24
0000058018|24
0000021897|24
0000011927|24
0000004969|24
0000035241|24
0000068684|24
66-0227873|24
0000703136|24
0000022241|24
0000068325|24
0000061638|24
0000024170|24
0000009965|24
0000015258|23
0000000872|23
0000062964|23
0000003147|23
0000068569|23
0000019879|23
0000068253|23
0000000319|23
0000715731|23
0000007992|23
0000064546|23
0000013678|23
0000027055|23
0000057804|23
0000057552|23
0000012271|23
0000068584|23
0000361653|23
0000062339|23
0000008323|23
0000019351|23
0000017856|23
0000004092|23
0000284154|23
0000082170|23
0000068618|22
0000009237|22
0000005530|22
0000060205|22
27-3064521|22
0000030987|22
0000026689|22
0000706896|22
0000064169|22
0000018271|22
0000016094|22
0000680130|22
0000012298|22
59-3591757|22
0000058599|22
0000804422|22
2137100009|22
0000000162|22
0000024197|22
0000058421|21
0000017713|21
0003869123|21
0000062406|21
0000067388|21
0000016442|21
0000391959|21
0000064834|21
0000379171|21
0000024613|21
0000033542|21
0000026627|21
0002631846|21
0000011817|21
0000025886|21
0000029061|20
0000001821|20
0000029986|20
0000058082|20
0001421161|20
63-0169720|20
0000705852|20
0000000511|20
0000033873|20
0000062018|20
0000010175|20
71-0232620|20
0000005905|20
0000063834|20
0000012018|20
0000095107|20
0000029831|20
0000026271|20
0000717958|20
0000716115|20
0000706624|20
0000245351|20
0000007532|19
0000002112|19
0000004533|19
0000011804|19
0000016954|19
0000007557|19
0000015058|19
0000014418|19
0000016785|19
0000020226|19
0000065013|19
0000024585|19
0000704013|19
0000062854|19
0000097071|19
0000026218|19
0000006101|19
0000028478|19
0000000613|19
0000014458|19
0000011718|19
45-2107596|19
0000014230|19
0000057585|18
0000151555|18
0000013167|18
0000336361|18
0000004649|18
0000021244|18
0000001909|18
0003020447|18
0000064766|18
0000015317|18
0000010855|18
0000022993|18
57-0907935|18
0000060400|18
0000000093|18
0000058296|18
0000001830|17
0000011032|17
0000066399|17
66-0220392|17
0000027226|17
0000006369|17
0000058063|17
0000001748|17
0000063262|17
0000005116|17
0000000594|17
0000007925|17
0000017775|17
0000066116|17
0000035480|17
0000021502|17
0000700165|17
0000015394|17
0000024384|17
0000024840|17
0000058537|16
66-0271958|16
0000000473|16
0000013491|16
66-0217490|16
0000018930|16
0000058680|16
0000013495|16
0000009806|16
0000057488|16
0000068354|16
0000016916|16
0000064037|16
0000000078|16
0000007817|15
0000063201|15
0000017671|15
83-0368926|15
27-1839540|15
0000013959|15
0000002209|15
06-1016329|15
0000015863|15
0000013271|15
0000009146|15
0000016030|15
0000015426|15
0000001383|15
0000023222|15
81-4970104|15
0000018393|15
03-0527286|15
0000024807|15
0000006912|15
0000068356|14
0000024860|14
37-0280310|14
0000058506|14
0000005497|14
0000014098|14
0000012570|14
0000006652|14
0000058517|14
0000019668|14
0000010424|14
0000020040|14
0000058576|14
0000058725|14
0000001021|13
0000019739|13
0000004633|13
0000008191|13
0000008169|13
0000015108|13
0000067739|13
0000002959|13
0000708003|13
0000008542|13
0000024526|13
0000063447|13
52-0419790|13
0000703468|13
0000067609|13
66-0270259|13
0000068344|13
0000058513|13
0000024182|12
30-0092197|12
0000035249|12
0000018507|12
0000067550|12
0000003526|12
80-0803847|12
0000068562|12
0000016174|12
0000002792|12
0000057882|12
0000067330|12
0000061306|12
0000067332|12
35-2531176|12
0000067559|12
0000066268|12
36-6071399|12
0000060148|11
27-4605051|11
0000066350|11
0000014830|11
0000010832|11
0000003947|11
0000020341|11
0000663656|11
0000068685|11
0000011099|11
0000058359|11
0000068463|11
0000000430|11
66-0206444|11
0000013794|11
66-0262500|10
0000068483|10
0000017002|10
0000068242|10
0000022369|10
0000062628|10
0000003796|10
0000000053|10
0000060648|10
0000004395|10
0000991135|10
0000004966|9
0000003800|9
0000080061|9
73-1611552|9
0000035286|9
0000068602|9
0000018917|9
0000034214|9
0000067637|9
0000010171|9
0000035050|9
0000067507|9
0000007770|9
0000004900|9
0000035492|8
0000003212|8
22-1487101|8
0000016168|8
0000010790|8
0000067517|8
0000068609|8
0000060363|8
0000013394|8
0000058652|8
0000024777|8
66-0231533|8
0004728786|8
0000013131|8
0000006936|8
66-0215720|8
66-0269897|7
0000008494|7
00-0015095|7
0002705895|7
0000008344|7
0000214807|7
0000002141|7
0000067701|7
0000014587|6
66-0213182|6
0003452105|6
66-0266868|6
0000067874|6
0000001926|6
0000024169|6
0000013809|6
0000009097|6
0000020749|6
20-5799048|6
0000065323|6
81-3313999|6
0000001933|6
0000068612|5
0000058234|5
13-3222578|5
94-3304740|5
0003599970|5
66-0224450|5
0002760139|5
0000703764|5
75-2540628|5
0000058401|4
0000006733|4
0000060276|4
66-0266327|4
0000058424|4
31-0252460|4
66-0267388|3
0000001880|3
0000020468|3
66-0287790|3
0000708433|3
0000066965|3
0000013028|3
0000024479|3
48-1024691|3
0000002346|3
52-7005081|2
0000008470|2
0000004686|2
0000060408|2
0000061286|2
91-1325756|2
0000057816|2
0000009003|2
58-1880519|2
66-0228613|1
0000063100|1
0000006918|1
0000702335|1
7682400005|1
0000067300|1
0000080071|1
0000249612|1
04-3114448|1
0000017880|1
0000022242|1
